{
  "subgraphx": {
    "5": {
      "fidelity": 0.47037196159362793,
      "fidelity_inv": 0.3945975601673126,
      "sparsity": 0.7769644856452942
    },
    "6": {
      "fidelity": 0.46578097343444824,
      "fidelity_inv": 0.2682921886444092,
      "sparsity": 0.7220115065574646
    },
    "7": {
      "fidelity": 0.46877869963645935,
      "fidelity_inv": 0.13309252262115479,
      "sparsity": 0.6676907539367676
    },
    "8": {
      "fidelity": 0.48397359251976013,
      "fidelity_inv": 0.058385297656059265,
      "sparsity": 0.614608108997345
    },
    "9": {
      "fidelity": 0.4902530014514923,
      "fidelity_inv": 0.02518213540315628,
      "sparsity": 0.5653866529464722
    },
    "10": {
      "fidelity": 0.49387744069099426,
      "fidelity_inv": 0.01240197941660881,
      "sparsity": 0.5173667073249817
    },
    "11": {
      "fidelity": 0.4971500039100647,
      "fidelity_inv": 0.005810673348605633,
      "sparsity": 0.46600306034088135
    },
    "12": {
      "fidelity": 0.4994402825832367,
      "fidelity_inv": 0.0031367349438369274,
      "sparsity": 0.43169277906417847
    },
    "13": {
      "fidelity": 0.5018426775932312,
      "fidelity_inv": 0.0019252842757850885,
      "sparsity": 0.3968808352947235
    },
    "14": {
      "fidelity": 0.5026954412460327,
      "fidelity_inv": 0.001175162149593234,
      "sparsity": 0.3626750111579895
    },
    "15": {
      "fidelity": 0.5049132704734802,
      "fidelity_inv": 0.0009898674907162786,
      "sparsity": 0.33577847480773926
    }
  }
}