{
  "subgraphx": {
    "5": {
      "fidelity": 0.5449125170707703,
      "fidelity_inv": 0.489474892616272,
      "sparsity": 0.8085423111915588
    },
    "6": {
      "fidelity": 0.5486427545547485,
      "fidelity_inv": 0.24985557794570923,
      "sparsity": 0.7659142017364502
    },
    "7": {
      "fidelity": 0.5509009957313538,
      "fidelity_inv": 0.14731407165527344,
      "sparsity": 0.7320219278335571
    },
    "8": {
      "fidelity": 0.5581530928611755,
      "fidelity_inv": 0.09009791165590286,
      "sparsity": 0.7019174098968506
    },
    "9": {
      "fidelity": 0.5601932406425476,
      "fidelity_inv": 0.030933313071727753,
      "sparsity": 0.6741222143173218
    },
    "10": {
      "fidelity": 0.5651493668556213,
      "fidelity_inv": 0.02628684788942337,
      "sparsity": 0.6436781883239746
    },
    "11": {
      "fidelity": 0.5652191042900085,
      "fidelity_inv": -0.0016538685886189342,
      "sparsity": 0.6126436591148376
    },
    "12": {
      "fidelity": 0.5652646422386169,
      "fidelity_inv": -0.006290838588029146,
      "sparsity": 0.5888505578041077
    },
    "13": {
      "fidelity": 0.5653101205825806,
      "fidelity_inv": -0.0016464507207274437,
      "sparsity": 0.5609195828437805
    },
    "14": {
      "fidelity": 0.5654197931289673,
      "fidelity_inv": -0.013021456077694893,
      "sparsity": 0.5360919833183289
    },
    "15": {
      "fidelity": 0.5654227137565613,
      "fidelity_inv": -0.01588907651603222,
      "sparsity": 0.5112643241882324
    }
  }
}