{
  "subgraphx": {
    "5": {
      "fidelity": 0.2770887017250061,
      "fidelity_inv": 0.02136196568608284,
      "sparsity": 0.8884795904159546
    },
    "6": {
      "fidelity": 0.2862775921821594,
      "fidelity_inv": 0.020446324720978737,
      "sparsity": 0.8676220774650574
    },
    "7": {
      "fidelity": 0.2965478003025055,
      "fidelity_inv": 0.0010988217545673251,
      "sparsity": 0.8493995070457458
    },
    "8": {
      "fidelity": 0.31603360176086426,
      "fidelity_inv": -0.006502315402030945,
      "sparsity": 0.8244403600692749
    },
    "9": {
      "fidelity": 0.3176964819431305,
      "fidelity_inv": -0.015939222648739815,
      "sparsity": 0.8083975315093994
    },
    "10": {
      "fidelity": 0.3260631859302521,
      "fidelity_inv": -0.03031359612941742,
      "sparsity": 0.7878938317298889
    },
    "11": {
      "fidelity": 0.3370221257209778,
      "fidelity_inv": -0.03492366150021553,
      "sparsity": 0.7691391110420227
    },
    "12": {
      "fidelity": 0.3467155396938324,
      "fidelity_inv": -0.04189867898821831,
      "sparsity": 0.7487726807594299
    },
    "13": {
      "fidelity": 0.3622243106365204,
      "fidelity_inv": -0.05780904367566109,
      "sparsity": 0.7303520441055298
    },
    "14": {
      "fidelity": 0.37261512875556946,
      "fidelity_inv": -0.05513496696949005,
      "sparsity": 0.7172342538833618
    },
    "15": {
      "fidelity": 0.372893363237381,
      "fidelity_inv": -0.06558149307966232,
      "sparsity": 0.7044931650161743
    }
  }
}