{
  "subgraphx": {
    "5": {
      "fidelity": 0.38955456018447876,
      "fidelity_inv": 0.16704292595386505,
      "sparsity": 0.8739479184150696
    },
    "6": {
      "fidelity": 0.3952232599258423,
      "fidelity_inv": 0.13533338904380798,
      "sparsity": 0.8446480631828308
    },
    "7": {
      "fidelity": 0.4191741943359375,
      "fidelity_inv": 0.10361509025096893,
      "sparsity": 0.8218794465065002
    },
    "8": {
      "fidelity": 0.4243083894252777,
      "fidelity_inv": 0.07467970997095108,
      "sparsity": 0.7983749508857727
    },
    "9": {
      "fidelity": 0.4501248300075531,
      "fidelity_inv": 0.0667513832449913,
      "sparsity": 0.7705880999565125
    },
    "10": {
      "fidelity": 0.46333134174346924,
      "fidelity_inv": 0.05041136220097542,
      "sparsity": 0.7406336069107056
    },
    "11": {
      "fidelity": 0.46978092193603516,
      "fidelity_inv": 0.03047674335539341,
      "sparsity": 0.7144187688827515
    },
    "12": {
      "fidelity": 0.47848349809646606,
      "fidelity_inv": 0.015880662947893143,
      "sparsity": 0.6898874044418335
    },
    "13": {
      "fidelity": 0.48534825444221497,
      "fidelity_inv": 0.004535807762295008,
      "sparsity": 0.6638933420181274
    },
    "14": {
      "fidelity": 0.4757344424724579,
      "fidelity_inv": -0.002342166379094124,
      "sparsity": 0.6403607726097107
    },
    "15": {
      "fidelity": 0.4846142530441284,
      "fidelity_inv": -0.014101875014603138,
      "sparsity": 0.6252332925796509
    }
  }
}