{
  "subgraphx": {
    "5": {
      "fidelity": 0.28912150859832764,
      "fidelity_inv": 0.1331081986427307,
      "sparsity": 0.8026488423347473
    },
    "6": {
      "fidelity": 0.3029230237007141,
      "fidelity_inv": 0.09818828850984573,
      "sparsity": 0.7560504078865051
    },
    "7": {
      "fidelity": 0.3234466314315796,
      "fidelity_inv": 0.08269918709993362,
      "sparsity": 0.7197496294975281
    },
    "8": {
      "fidelity": 0.33334362506866455,
      "fidelity_inv": 0.06893491744995117,
      "sparsity": 0.6846428513526917
    },
    "9": {
      "fidelity": 0.3512153625488281,
      "fidelity_inv": 0.054476749151945114,
      "sparsity": 0.6421392560005188
    },
    "10": {
      "fidelity": 0.36028823256492615,
      "fidelity_inv": 0.03894379734992981,
      "sparsity": 0.60847407579422
    },
    "11": {
      "fidelity": 0.3730626404285431,
      "fidelity_inv": 0.02877677045762539,
      "sparsity": 0.5792192220687866
    },
    "12": {
      "fidelity": 0.3827434182167053,
      "fidelity_inv": 0.022356189787387848,
      "sparsity": 0.5493028163909912
    },
    "13": {
      "fidelity": 0.38908740878105164,
      "fidelity_inv": 0.0162445530295372,
      "sparsity": 0.5243653655052185
    },
    "14": {
      "fidelity": 0.3941054046154022,
      "fidelity_inv": 0.010139623656868935,
      "sparsity": 0.4985664486885071
    },
    "15": {
      "fidelity": 0.39191699028015137,
      "fidelity_inv": 0.0009381044073961675,
      "sparsity": 0.47274741530418396
    }
  }
}