{
  "subgraphx": {
    "5": {
      "fidelity": 0.24926769733428955,
      "fidelity_inv": -0.0005195635603740811,
      "sparsity": 0.8080139756202698
    },
    "6": {
      "fidelity": 0.27922549843788147,
      "fidelity_inv": -0.004367694724351168,
      "sparsity": 0.7828644514083862
    },
    "7": {
      "fidelity": 0.2974437177181244,
      "fidelity_inv": -0.01633637584745884,
      "sparsity": 0.7448323965072632
    },
    "8": {
      "fidelity": 0.3171160817146301,
      "fidelity_inv": -0.028940659016370773,
      "sparsity": 0.7114458680152893
    },
    "9": {
      "fidelity": 0.32347729802131653,
      "fidelity_inv": -0.047882046550512314,
      "sparsity": 0.684444785118103
    },
    "10": {
      "fidelity": 0.3382473289966583,
      "fidelity_inv": -0.05568445846438408,
      "sparsity": 0.6577587723731995
    },
    "11": {
      "fidelity": 0.3438088595867157,
      "fidelity_inv": -0.059204183518886566,
      "sparsity": 0.6421239972114563
    },
    "12": {
      "fidelity": 0.3459472954273224,
      "fidelity_inv": -0.06675470620393753,
      "sparsity": 0.626015305519104
    },
    "13": {
      "fidelity": 0.35462501645088196,
      "fidelity_inv": -0.06877639889717102,
      "sparsity": 0.6166536211967468
    },
    "14": {
      "fidelity": 0.35937175154685974,
      "fidelity_inv": -0.07104310393333435,
      "sparsity": 0.5885336399078369
    },
    "15": {
      "fidelity": 0.36034730076789856,
      "fidelity_inv": -0.07485215365886688,
      "sparsity": 0.5792942643165588
    }
  }
}