{
  "subgraphx": {
    "5": {
      "fidelity": 0.1876314878463745,
      "fidelity_inv": 0.23935846984386444,
      "sparsity": 0.7846882343292236
    },
    "6": {
      "fidelity": 0.2026004195213318,
      "fidelity_inv": 0.20455951988697052,
      "sparsity": 0.7437653541564941
    },
    "7": {
      "fidelity": 0.22717562317848206,
      "fidelity_inv": 0.1819780021905899,
      "sparsity": 0.7030893564224243
    },
    "8": {
      "fidelity": 0.25219792127609253,
      "fidelity_inv": 0.16791866719722748,
      "sparsity": 0.6628692746162415
    },
    "9": {
      "fidelity": 0.2776767611503601,
      "fidelity_inv": 0.15563611686229706,
      "sparsity": 0.6237149238586426
    },
    "10": {
      "fidelity": 0.2999721169471741,
      "fidelity_inv": 0.12952661514282227,
      "sparsity": 0.5888075232505798
    },
    "11": {
      "fidelity": 0.32495132088661194,
      "fidelity_inv": 0.1178029328584671,
      "sparsity": 0.5527576804161072
    },
    "12": {
      "fidelity": 0.3518412411212921,
      "fidelity_inv": 0.10198893398046494,
      "sparsity": 0.5209569334983826
    },
    "13": {
      "fidelity": 0.3722873032093048,
      "fidelity_inv": 0.09453689306974411,
      "sparsity": 0.49370911717414856
    },
    "14": {
      "fidelity": 0.3910350799560547,
      "fidelity_inv": 0.08085430413484573,
      "sparsity": 0.4663316011428833
    },
    "15": {
      "fidelity": 0.40331900119781494,
      "fidelity_inv": 0.07184119522571564,
      "sparsity": 0.4296205937862396
    }
  }
}