{
  "subgraphx": {
    "5": {
      "fidelity": 0.11311156302690506,
      "fidelity_inv": -0.031621646136045456,
      "sparsity": 0.8178726434707642
    },
    "6": {
      "fidelity": 0.11901602149009705,
      "fidelity_inv": -0.03377435356378555,
      "sparsity": 0.8012239336967468
    },
    "7": {
      "fidelity": 0.12537412345409393,
      "fidelity_inv": -0.03423311188817024,
      "sparsity": 0.7875903248786926
    },
    "8": {
      "fidelity": 0.12664245069026947,
      "fidelity_inv": -0.03743690997362137,
      "sparsity": 0.7694061398506165
    },
    "9": {
      "fidelity": 0.1309548318386078,
      "fidelity_inv": -0.03920111805200577,
      "sparsity": 0.7550357580184937
    },
    "10": {
      "fidelity": 0.1319684237241745,
      "fidelity_inv": -0.04135243594646454,
      "sparsity": 0.7446058392524719
    },
    "11": {
      "fidelity": 0.13198839128017426,
      "fidelity_inv": -0.04244142398238182,
      "sparsity": 0.7296741008758545
    },
    "12": {
      "fidelity": 0.13148333132266998,
      "fidelity_inv": -0.042323775589466095,
      "sparsity": 0.7243459224700928
    },
    "13": {
      "fidelity": 0.13226449489593506,
      "fidelity_inv": -0.043754056096076965,
      "sparsity": 0.7064530253410339
    },
    "14": {
      "fidelity": 0.1344604790210724,
      "fidelity_inv": -0.04439062252640724,
      "sparsity": 0.6989396810531616
    },
    "15": {
      "fidelity": 0.13430780172348022,
      "fidelity_inv": -0.04702956974506378,
      "sparsity": 0.6922206878662109
    }
  }
}