{
  "subgraphx": {
    "5": {
      "fidelity": 0.02982255630195141,
      "fidelity_inv": 0.013959638774394989,
      "sparsity": 0.7992978692054749
    },
    "6": {
      "fidelity": 0.03076331317424774,
      "fidelity_inv": 0.007415322121232748,
      "sparsity": 0.7854709029197693
    },
    "7": {
      "fidelity": 0.03125151991844177,
      "fidelity_inv": 0.0068199955858290195,
      "sparsity": 0.7627780437469482
    },
    "8": {
      "fidelity": 0.03532983362674713,
      "fidelity_inv": 0.00442244578152895,
      "sparsity": 0.7550135254859924
    },
    "9": {
      "fidelity": 0.036142993718385696,
      "fidelity_inv": 0.0003826695610769093,
      "sparsity": 0.7480733394622803
    },
    "10": {
      "fidelity": 0.03679002821445465,
      "fidelity_inv": -0.0004958504578098655,
      "sparsity": 0.7412811517715454
    },
    "11": {
      "fidelity": 0.036986470222473145,
      "fidelity_inv": -0.0013376933056861162,
      "sparsity": 0.7359610199928284
    },
    "12": {
      "fidelity": 0.03707084432244301,
      "fidelity_inv": -0.001574816065840423,
      "sparsity": 0.7334496974945068
    },
    "13": {
      "fidelity": 0.04002244025468826,
      "fidelity_inv": -0.001195313292555511,
      "sparsity": 0.72705078125
    },
    "14": {
      "fidelity": 0.040791500359773636,
      "fidelity_inv": -0.0019962890073657036,
      "sparsity": 0.717780351638794
    },
    "15": {
      "fidelity": 0.040791500359773636,
      "fidelity_inv": -0.001999550499022007,
      "sparsity": 0.7169631719589233
    }
  }
}