{
  "subgraphx": {
    "5": {
      "fidelity": 0.15247812867164612,
      "fidelity_inv": 0.011127092875540257,
      "sparsity": 0.7182834148406982
    },
    "6": {
      "fidelity": 0.17839711904525757,
      "fidelity_inv": 0.009710191749036312,
      "sparsity": 0.6804736852645874
    },
    "7": {
      "fidelity": 0.19558338820934296,
      "fidelity_inv": 0.0046172779984772205,
      "sparsity": 0.6395801305770874
    },
    "8": {
      "fidelity": 0.21379104256629944,
      "fidelity_inv": 0.0032928353175520897,
      "sparsity": 0.6088455319404602
    },
    "9": {
      "fidelity": 0.22012276947498322,
      "fidelity_inv": 0.0026466078124940395,
      "sparsity": 0.5850812792778015
    },
    "10": {
      "fidelity": 0.24336646497249603,
      "fidelity_inv": 0.001105660223402083,
      "sparsity": 0.5602555274963379
    },
    "11": {
      "fidelity": 0.24566969275474548,
      "fidelity_inv": 0.0009341800468973815,
      "sparsity": 0.5426926612854004
    },
    "12": {
      "fidelity": 0.24682952463626862,
      "fidelity_inv": 0.0006714058108627796,
      "sparsity": 0.5252177715301514
    },
    "13": {
      "fidelity": 0.24827012419700623,
      "fidelity_inv": 0.0005358207272365689,
      "sparsity": 0.509957492351532
    },
    "14": {
      "fidelity": 0.2532854676246643,
      "fidelity_inv": 0.0004974681069143116,
      "sparsity": 0.49874985218048096
    },
    "15": {
      "fidelity": 0.2536354959011078,
      "fidelity_inv": 0.0004743480822071433,
      "sparsity": 0.4915536642074585
    }
  }
}