{
  "subgraphx": {
    "5": {
      "fidelity": 0.08042632043361664,
      "fidelity_inv": -0.018923409283161163,
      "sparsity": 0.7200093865394592
    },
    "6": {
      "fidelity": 0.08654620498418808,
      "fidelity_inv": -0.025932786986231804,
      "sparsity": 0.6744764447212219
    },
    "7": {
      "fidelity": 0.08912083506584167,
      "fidelity_inv": -0.0299975648522377,
      "sparsity": 0.6410878896713257
    },
    "8": {
      "fidelity": 0.09109774231910706,
      "fidelity_inv": -0.03321268409490585,
      "sparsity": 0.6084298491477966
    },
    "9": {
      "fidelity": 0.092190682888031,
      "fidelity_inv": -0.034484777599573135,
      "sparsity": 0.5808451175689697
    },
    "10": {
      "fidelity": 0.0900764912366867,
      "fidelity_inv": -0.034401047974824905,
      "sparsity": 0.5515550971031189
    },
    "11": {
      "fidelity": 0.08978642523288727,
      "fidelity_inv": -0.03401077911257744,
      "sparsity": 0.5324198603630066
    },
    "12": {
      "fidelity": 0.09032855927944183,
      "fidelity_inv": -0.036304961889982224,
      "sparsity": 0.5135858058929443
    },
    "13": {
      "fidelity": 0.09075810760259628,
      "fidelity_inv": -0.0374879315495491,
      "sparsity": 0.49931734800338745
    },
    "14": {
      "fidelity": 0.09098991751670837,
      "fidelity_inv": -0.0385766364634037,
      "sparsity": 0.48859360814094543
    },
    "15": {
      "fidelity": 0.0910273864865303,
      "fidelity_inv": -0.03948788344860077,
      "sparsity": 0.4811508059501648
    }
  }
}