{
  "subgraphx": {
    "5": {
      "fidelity": 0.04508889839053154,
      "fidelity_inv": -0.03331805393099785,
      "sparsity": 0.733084499835968
    },
    "6": {
      "fidelity": 0.04793018475174904,
      "fidelity_inv": -0.03548719733953476,
      "sparsity": 0.7082502841949463
    },
    "7": {
      "fidelity": 0.04960794746875763,
      "fidelity_inv": -0.03863851726055145,
      "sparsity": 0.6728848218917847
    },
    "8": {
      "fidelity": 0.05193488299846649,
      "fidelity_inv": -0.04027652367949486,
      "sparsity": 0.649406909942627
    },
    "9": {
      "fidelity": 0.05213439092040062,
      "fidelity_inv": -0.043499916791915894,
      "sparsity": 0.6321709752082825
    },
    "10": {
      "fidelity": 0.05361776426434517,
      "fidelity_inv": -0.044061098247766495,
      "sparsity": 0.6154680848121643
    },
    "11": {
      "fidelity": 0.05413135886192322,
      "fidelity_inv": -0.042520031332969666,
      "sparsity": 0.5903381109237671
    },
    "12": {
      "fidelity": 0.05507300794124603,
      "fidelity_inv": -0.04327363520860672,
      "sparsity": 0.5837644338607788
    },
    "13": {
      "fidelity": 0.05545690655708313,
      "fidelity_inv": -0.04377524554729462,
      "sparsity": 0.5741860866546631
    },
    "14": {
      "fidelity": 0.056267108768224716,
      "fidelity_inv": -0.045369960367679596,
      "sparsity": 0.56668621301651
    },
    "15": {
      "fidelity": 0.055870018899440765,
      "fidelity_inv": -0.0465184785425663,
      "sparsity": 0.5522131323814392
    }
  }
}